-- phpMyAdmin SQL Dump
-- version 4.5.1
-- http://www.phpmyadmin.net
--
-- Host: 127.0.0.1
-- Generation Time: 
-- Версия на сървъра: 10.1.9-MariaDB
-- PHP Version: 5.6.15

SET SQL_MODE = "NO_AUTO_VALUE_ON_ZERO";
SET time_zone = "+00:00";


/*!40101 SET @OLD_CHARACTER_SET_CLIENT=@@CHARACTER_SET_CLIENT */;
/*!40101 SET @OLD_CHARACTER_SET_RESULTS=@@CHARACTER_SET_RESULTS */;
/*!40101 SET @OLD_COLLATION_CONNECTION=@@COLLATION_CONNECTION */;
/*!40101 SET NAMES utf8mb4 */;

--
-- Database: `reg`
--

-- --------------------------------------------------------

--
-- Структура на таблица `actions`
--

CREATE TABLE `actions` (
  `id` int(11) NOT NULL,
  `name` varchar(255) NOT NULL
) ENGINE=InnoDB DEFAULT CHARSET=latin1;

--
-- Схема на данните от таблица `actions`
--

INSERT INTO `actions` (`id`, `name`) VALUES
(1, 'Chance created'),
(2, 'Goal'),
(3, 'Miss'),
(4, 'Save'),
(5, 'Blocked shot'),
(6, 'Nothing happened');

-- --------------------------------------------------------

--
-- Структура на таблица `matches`
--

CREATE TABLE `matches` (
  `id` int(11) NOT NULL,
  `team_1_id` int(11) NOT NULL,
  `team_2_id` int(11) NOT NULL
) ENGINE=InnoDB DEFAULT CHARSET=latin1;

--
-- Схема на данните от таблица `matches`
--

INSERT INTO `matches` (`id`, `team_1_id`, `team_2_id`) VALUES
(1, 1, 2),
(2, 1, 2),
(3, 5, 2),
(4, 4, 4),
(5, 1, 2),
(6, 1, 2),
(7, 1, 2),
(8, 1, 2),
(9, 1, 2),
(10, 4, 2),
(11, 4, 2),
(12, 4, 2),
(13, 1, 1),
(14, 5, 5),
(15, 2, 2),
(16, 4, 5),
(17, 4, 5),
(18, 3, 2),
(19, 1, 2),
(20, 1, 2),
(21, 1, 2),
(22, 0, 0),
(23, 1, 2),
(24, 1, 2),
(25, 1, 2),
(26, 1, 2),
(27, 1, 2),
(28, 1, 2),
(29, 1, 2),
(30, 1, 2),
(31, 1, 2),
(32, 1, 2),
(33, 1, 2),
(34, 1, 2),
(35, 1, 2),
(36, 1, 2),
(37, 1, 2),
(38, 1, 2),
(39, 1, 2),
(40, 1, 2),
(41, 1, 2),
(42, 1, 2),
(43, 1, 2),
(44, 1, 2),
(45, 1, 2),
(46, 3, 1),
(47, 3, 4),
(48, 1, 2),
(49, 1, 2),
(50, 1, 3),
(51, 1, 2),
(52, 1, 2),
(53, 1, 2),
(54, 1, 2),
(55, 1, 2),
(56, 1, 2),
(57, 1, 2),
(58, 1, 2),
(59, 1, 2),
(60, 1, 2),
(61, 1, 2),
(62, 1, 2),
(63, 1, 2),
(64, 1, 2),
(65, 1, 2),
(66, 1, 2),
(67, 1, 2),
(68, 1, 2),
(69, 1, 2),
(70, 1, 2),
(71, 1, 2),
(72, 1, 2),
(73, 1, 2),
(74, 1, 2),
(75, 1, 2),
(76, 1, 2),
(77, 1, 2),
(78, 1, 2),
(79, 1, 2),
(80, 1, 2),
(81, 1, 2),
(82, 1, 2),
(83, 1, 2),
(84, 1, 2),
(85, 1, 2),
(86, 1, 2),
(87, 1, 2),
(88, 1, 2),
(89, 1, 2),
(90, 1, 2),
(91, 1, 2),
(92, 1, 2),
(93, 1, 2),
(94, 1, 2),
(95, 1, 2),
(96, 1, 2),
(97, 1, 2),
(98, 1, 2),
(99, 1, 2),
(100, 1, 2),
(101, 1, 2),
(102, 1, 2),
(103, 1, 2),
(104, 1, 2),
(105, 1, 2),
(106, 1, 2),
(107, 1, 2),
(108, 1, 2),
(109, 1, 2),
(110, 1, 2),
(111, 1, 2),
(112, 1, 2),
(113, 1, 2),
(114, 1, 2),
(115, 1, 2),
(116, 1, 2),
(117, 1, 2),
(118, 1, 2),
(119, 1, 2),
(120, 1, 2),
(121, 1, 2),
(122, 1, 2),
(123, 1, 2),
(124, 1, 2),
(125, 1, 2),
(126, 1, 2),
(127, 1, 2),
(128, 1, 2),
(129, 1, 2),
(130, 1, 2),
(131, 1, 2),
(132, 1, 2),
(133, 1, 2),
(134, 1, 2),
(135, 1, 2),
(136, 1, 2),
(137, 1, 2);

-- --------------------------------------------------------

--
-- Структура на таблица `minutes`
--

CREATE TABLE `minutes` (
  `id` int(11) NOT NULL,
  `match_id` int(11) NOT NULL,
  `minute` int(11) NOT NULL,
  `action_id` int(11) NOT NULL,
  `team_id` int(11) NOT NULL
) ENGINE=InnoDB DEFAULT CHARSET=latin1;

--
-- Схема на данните от таблица `minutes`
--

INSERT INTO `minutes` (`id`, `match_id`, `minute`, `action_id`, `team_id`) VALUES
(11431, 128, 1, 3, 2),
(11432, 128, 2, 6, 0),
(11433, 128, 3, 3, 1),
(11434, 128, 4, 4, 2),
(11435, 128, 5, 6, 0),
(11436, 128, 6, 4, 1),
(11437, 128, 7, 6, 0),
(11438, 128, 8, 1, 2),
(11439, 128, 9, 6, 0),
(11440, 128, 10, 6, 0),
(11441, 128, 11, 6, 0),
(11442, 128, 12, 6, 0),
(11443, 128, 13, 6, 0),
(11444, 128, 14, 4, 1),
(11445, 128, 15, 6, 0),
(11446, 128, 16, 6, 0),
(11447, 128, 17, 6, 0),
(11448, 128, 18, 6, 0),
(11449, 128, 19, 1, 1),
(11450, 128, 20, 4, 2),
(11451, 128, 21, 6, 0),
(11452, 128, 22, 2, 1),
(11453, 128, 23, 1, 1),
(11454, 128, 24, 6, 0),
(11455, 128, 25, 6, 0),
(11456, 128, 26, 5, 2),
(11457, 128, 27, 6, 0),
(11458, 128, 28, 4, 2),
(11459, 128, 29, 3, 1),
(11460, 128, 30, 6, 0),
(11461, 128, 31, 6, 0),
(11462, 128, 32, 4, 2),
(11463, 128, 33, 3, 1),
(11464, 128, 34, 1, 1),
(11465, 128, 35, 3, 2),
(11466, 128, 36, 6, 0),
(11467, 128, 37, 6, 0),
(11468, 128, 38, 6, 0),
(11469, 128, 39, 6, 0),
(11470, 128, 40, 1, 2),
(11471, 128, 41, 5, 1),
(11472, 128, 42, 6, 0),
(11473, 128, 43, 4, 1),
(11474, 128, 44, 4, 1),
(11475, 128, 45, 4, 2),
(11476, 128, 46, 4, 2),
(11477, 128, 47, 6, 0),
(11478, 128, 48, 1, 1),
(11479, 128, 49, 6, 0),
(11480, 128, 50, 6, 0),
(11481, 128, 51, 6, 0),
(11482, 128, 52, 6, 0),
(11483, 128, 53, 6, 0),
(11484, 128, 54, 6, 0),
(11485, 128, 55, 6, 0),
(11486, 128, 56, 6, 0),
(11487, 128, 57, 6, 0),
(11488, 128, 58, 6, 0),
(11489, 128, 59, 6, 0),
(11490, 128, 60, 6, 0),
(11491, 128, 61, 6, 0),
(11492, 128, 62, 5, 2),
(11493, 128, 63, 5, 2),
(11494, 128, 64, 1, 1),
(11495, 128, 65, 1, 1),
(11496, 128, 66, 6, 0),
(11497, 128, 67, 6, 0),
(11498, 128, 68, 6, 0),
(11499, 128, 69, 6, 0),
(11500, 128, 70, 6, 0),
(11501, 128, 71, 3, 1),
(11502, 128, 72, 4, 1),
(11503, 128, 73, 6, 0),
(11504, 128, 74, 6, 0),
(11505, 128, 75, 2, 2),
(11506, 128, 76, 6, 0),
(11507, 128, 77, 6, 0),
(11508, 128, 78, 5, 2),
(11509, 128, 79, 4, 2),
(11510, 128, 80, 6, 0),
(11511, 128, 81, 4, 2),
(11512, 128, 82, 6, 0),
(11513, 128, 83, 6, 0),
(11514, 128, 84, 3, 2),
(11515, 128, 85, 3, 2),
(11516, 128, 86, 6, 0),
(11517, 128, 87, 6, 0),
(11518, 128, 88, 6, 0),
(11519, 128, 89, 6, 0),
(11520, 128, 90, 6, 0),
(11521, 129, 1, 3, 2),
(11522, 129, 2, 4, 1),
(11523, 129, 3, 6, 0),
(11524, 129, 4, 6, 0),
(11525, 129, 5, 6, 0),
(11526, 129, 6, 6, 0),
(11527, 129, 7, 1, 1),
(11528, 129, 8, 6, 0),
(11529, 129, 9, 6, 0),
(11530, 129, 10, 1, 2),
(11531, 129, 11, 2, 1),
(11532, 129, 12, 3, 1),
(11533, 129, 13, 6, 0),
(11534, 129, 14, 1, 1),
(11535, 129, 15, 5, 2),
(11536, 129, 16, 6, 0),
(11537, 129, 17, 2, 1),
(11538, 129, 18, 6, 0),
(11539, 129, 19, 6, 0),
(11540, 129, 20, 6, 0),
(11541, 129, 21, 1, 2),
(11542, 129, 22, 6, 0),
(11543, 129, 23, 3, 2),
(11544, 129, 24, 2, 1),
(11545, 129, 25, 6, 0),
(11546, 129, 26, 6, 0),
(11547, 129, 27, 4, 1),
(11548, 129, 28, 5, 1),
(11549, 129, 29, 6, 0),
(11550, 129, 30, 1, 2),
(11551, 129, 31, 6, 0),
(11552, 129, 32, 6, 0),
(11553, 129, 33, 5, 1),
(11554, 129, 34, 6, 0),
(11555, 129, 35, 6, 0),
(11556, 129, 36, 2, 2),
(11557, 129, 37, 1, 1),
(11558, 129, 38, 6, 0),
(11559, 129, 39, 6, 0),
(11560, 129, 40, 6, 0),
(11561, 129, 41, 6, 0),
(11562, 129, 42, 6, 0),
(11563, 129, 43, 6, 0),
(11564, 129, 44, 6, 0),
(11565, 129, 45, 6, 0),
(11566, 129, 46, 6, 0),
(11567, 129, 47, 6, 0),
(11568, 129, 48, 6, 0),
(11569, 129, 49, 6, 0),
(11570, 129, 50, 6, 0),
(11571, 129, 51, 6, 0),
(11572, 129, 52, 6, 0),
(11573, 129, 53, 6, 0),
(11574, 129, 54, 1, 1),
(11575, 129, 55, 6, 0),
(11576, 129, 56, 6, 0),
(11577, 129, 57, 1, 2),
(11578, 129, 58, 6, 0),
(11579, 129, 59, 6, 0),
(11580, 129, 60, 3, 1),
(11581, 129, 61, 3, 1),
(11582, 129, 62, 6, 0),
(11583, 129, 63, 4, 1),
(11584, 129, 64, 6, 0),
(11585, 129, 65, 6, 0),
(11586, 129, 66, 5, 2),
(11587, 129, 67, 6, 0),
(11588, 129, 68, 4, 2),
(11589, 129, 69, 4, 2),
(11590, 129, 70, 6, 0),
(11591, 129, 71, 6, 0),
(11592, 129, 72, 6, 0),
(11593, 129, 73, 1, 2),
(11594, 129, 74, 6, 0),
(11595, 129, 75, 3, 1),
(11596, 129, 76, 5, 2),
(11597, 129, 77, 6, 0),
(11598, 129, 78, 6, 0),
(11599, 129, 79, 6, 0),
(11600, 129, 80, 6, 0),
(11601, 129, 81, 6, 0),
(11602, 129, 82, 6, 0),
(11603, 129, 83, 6, 0),
(11604, 129, 84, 3, 2),
(11605, 129, 85, 1, 1),
(11606, 129, 86, 5, 1),
(11607, 129, 87, 5, 2),
(11608, 129, 88, 6, 0),
(11609, 129, 89, 6, 0),
(11610, 129, 90, 1, 2),
(11611, 130, 1, 3, 2),
(11612, 130, 2, 6, 0),
(11613, 130, 3, 6, 0),
(11614, 130, 4, 6, 0),
(11615, 130, 5, 6, 0),
(11616, 130, 6, 6, 0),
(11617, 130, 7, 6, 0),
(11618, 130, 8, 6, 0),
(11619, 130, 9, 6, 0),
(11620, 130, 10, 6, 0),
(11621, 130, 11, 5, 2),
(11622, 130, 12, 6, 0),
(11623, 130, 13, 6, 0),
(11624, 130, 14, 6, 0),
(11625, 130, 15, 1, 2),
(11626, 130, 16, 6, 0),
(11627, 130, 17, 4, 1),
(11628, 130, 18, 1, 2),
(11629, 130, 19, 6, 0),
(11630, 130, 20, 6, 0),
(11631, 130, 21, 6, 0),
(11632, 130, 22, 6, 0),
(11633, 130, 23, 6, 0),
(11634, 130, 24, 6, 0),
(11635, 130, 25, 1, 1),
(11636, 130, 26, 1, 1),
(11637, 130, 27, 6, 0),
(11638, 130, 28, 3, 2),
(11639, 130, 29, 6, 0),
(11640, 130, 30, 6, 0),
(11641, 130, 31, 3, 2),
(11642, 130, 32, 4, 2),
(11643, 130, 33, 6, 0),
(11644, 130, 34, 6, 0),
(11645, 130, 35, 1, 1),
(11646, 130, 36, 6, 0),
(11647, 130, 37, 1, 1),
(11648, 130, 38, 5, 2),
(11649, 130, 39, 6, 0),
(11650, 130, 40, 6, 0),
(11651, 130, 41, 5, 1),
(11652, 130, 42, 6, 0),
(11653, 130, 43, 6, 0),
(11654, 130, 44, 2, 1),
(11655, 130, 45, 6, 0),
(11656, 130, 46, 2, 1),
(11657, 130, 47, 5, 1),
(11658, 130, 48, 6, 0),
(11659, 130, 49, 3, 1),
(11660, 130, 50, 3, 1),
(11661, 130, 51, 5, 1),
(11662, 130, 52, 6, 0),
(11663, 130, 53, 6, 0),
(11664, 130, 54, 6, 0),
(11665, 130, 55, 6, 0),
(11666, 130, 56, 3, 1),
(11667, 130, 57, 6, 0),
(11668, 130, 58, 6, 0),
(11669, 130, 59, 3, 1),
(11670, 130, 60, 1, 2),
(11671, 130, 61, 6, 0),
(11672, 130, 62, 6, 0),
(11673, 130, 63, 6, 0),
(11674, 130, 64, 6, 0),
(11675, 130, 65, 6, 0),
(11676, 130, 66, 4, 1),
(11677, 130, 67, 6, 0),
(11678, 130, 68, 3, 1),
(11679, 130, 69, 6, 0),
(11680, 130, 70, 6, 0),
(11681, 130, 71, 6, 0),
(11682, 130, 72, 6, 0),
(11683, 130, 73, 6, 0),
(11684, 130, 74, 6, 0),
(11685, 130, 75, 5, 2),
(11686, 130, 76, 6, 0),
(11687, 130, 77, 6, 0),
(11688, 130, 78, 6, 0),
(11689, 130, 79, 6, 0),
(11690, 130, 80, 6, 0),
(11691, 130, 81, 4, 2),
(11692, 130, 82, 6, 0),
(11693, 130, 83, 6, 0),
(11694, 130, 84, 1, 1),
(11695, 130, 85, 6, 0),
(11696, 130, 86, 1, 1),
(11697, 130, 87, 6, 0),
(11698, 130, 88, 1, 2),
(11699, 130, 89, 1, 1),
(11700, 130, 90, 6, 0),
(11701, 131, 1, 4, 1),
(11702, 131, 2, 4, 1),
(11703, 131, 3, 3, 1),
(11704, 131, 4, 1, 1),
(11705, 131, 5, 6, 0),
(11706, 131, 6, 6, 0),
(11707, 131, 7, 6, 0),
(11708, 131, 8, 6, 0),
(11709, 131, 9, 1, 2),
(11710, 131, 10, 6, 0),
(11711, 131, 11, 5, 1),
(11712, 131, 12, 5, 2),
(11713, 131, 13, 6, 0),
(11714, 131, 14, 3, 2),
(11715, 131, 15, 6, 0),
(11716, 131, 16, 6, 0),
(11717, 131, 17, 3, 2),
(11718, 131, 18, 1, 2),
(11719, 131, 19, 6, 0),
(11720, 131, 20, 5, 2),
(11721, 131, 21, 1, 2),
(11722, 131, 22, 6, 0),
(11723, 131, 23, 6, 0),
(11724, 131, 24, 6, 0),
(11725, 131, 25, 6, 0),
(11726, 131, 26, 6, 0),
(11727, 131, 27, 6, 0),
(11728, 131, 28, 2, 1),
(11729, 131, 29, 6, 0),
(11730, 131, 30, 6, 0),
(11731, 131, 31, 6, 0),
(11732, 131, 32, 1, 2),
(11733, 131, 33, 6, 0),
(11734, 131, 34, 1, 1),
(11735, 131, 35, 1, 1),
(11736, 131, 36, 4, 1),
(11737, 131, 37, 5, 2),
(11738, 131, 38, 6, 0),
(11739, 131, 39, 2, 2),
(11740, 131, 40, 1, 1),
(11741, 131, 41, 1, 1),
(11742, 131, 42, 6, 0),
(11743, 131, 43, 5, 2),
(11744, 131, 44, 6, 0),
(11745, 131, 45, 6, 0),
(11746, 131, 46, 6, 0),
(11747, 131, 47, 6, 0),
(11748, 131, 48, 3, 2),
(11749, 131, 49, 4, 2),
(11750, 131, 50, 6, 0),
(11751, 131, 51, 6, 0),
(11752, 131, 52, 6, 0),
(11753, 131, 53, 6, 0),
(11754, 131, 54, 6, 0),
(11755, 131, 55, 6, 0),
(11756, 131, 56, 6, 0),
(11757, 131, 57, 6, 0),
(11758, 131, 58, 1, 1),
(11759, 131, 59, 6, 0),
(11760, 131, 60, 5, 2),
(11761, 131, 61, 6, 0),
(11762, 131, 62, 6, 0),
(11763, 131, 63, 6, 0),
(11764, 131, 64, 6, 0),
(11765, 131, 65, 6, 0),
(11766, 131, 66, 6, 0),
(11767, 131, 67, 1, 2),
(11768, 131, 68, 6, 0),
(11769, 131, 69, 6, 0),
(11770, 131, 70, 1, 1),
(11771, 131, 71, 6, 0),
(11772, 131, 72, 4, 2),
(11773, 131, 73, 1, 1),
(11774, 131, 74, 5, 1),
(11775, 131, 75, 6, 0),
(11776, 131, 76, 4, 1),
(11777, 131, 77, 6, 0),
(11778, 131, 78, 5, 2),
(11779, 131, 79, 4, 2),
(11780, 131, 80, 1, 1),
(11781, 131, 81, 6, 0),
(11782, 131, 82, 3, 1),
(11783, 131, 83, 6, 0),
(11784, 131, 84, 6, 0),
(11785, 131, 85, 6, 0),
(11786, 131, 86, 6, 0),
(11787, 131, 87, 6, 0),
(11788, 131, 88, 6, 0),
(11789, 131, 89, 6, 0),
(11790, 131, 90, 6, 0),
(11791, 132, 1, 6, 0),
(11792, 132, 2, 3, 1),
(11793, 132, 3, 6, 0),
(11794, 132, 4, 5, 1),
(11795, 132, 5, 6, 0),
(11796, 132, 6, 6, 0),
(11797, 132, 7, 6, 0),
(11798, 132, 8, 1, 2),
(11799, 132, 9, 6, 0),
(11800, 132, 10, 6, 0),
(11801, 132, 11, 6, 0),
(11802, 132, 12, 3, 2),
(11803, 132, 13, 6, 0),
(11804, 132, 14, 6, 0),
(11805, 132, 15, 6, 0),
(11806, 132, 16, 1, 1),
(11807, 132, 17, 6, 0),
(11808, 132, 18, 6, 0),
(11809, 132, 19, 2, 1),
(11810, 132, 20, 6, 0),
(11811, 132, 21, 1, 1),
(11812, 132, 22, 6, 0),
(11813, 132, 23, 3, 1),
(11814, 132, 24, 1, 2),
(11815, 132, 25, 6, 0),
(11816, 132, 26, 6, 0),
(11817, 132, 27, 6, 0),
(11818, 132, 28, 3, 2),
(11819, 132, 29, 3, 2),
(11820, 132, 30, 5, 1),
(11821, 132, 31, 6, 0),
(11822, 132, 32, 6, 0),
(11823, 132, 33, 6, 0),
(11824, 132, 34, 6, 0),
(11825, 132, 35, 5, 2),
(11826, 132, 36, 6, 0),
(11827, 132, 37, 6, 0),
(11828, 132, 38, 6, 0),
(11829, 132, 39, 6, 0),
(11830, 132, 40, 6, 0),
(11831, 132, 41, 6, 0),
(11832, 132, 42, 6, 0),
(11833, 132, 43, 4, 2),
(11834, 132, 44, 5, 1),
(11835, 132, 45, 6, 0),
(11836, 132, 46, 6, 0),
(11837, 132, 47, 6, 0),
(11838, 132, 48, 4, 2),
(11839, 132, 49, 6, 0),
(11840, 132, 50, 3, 1),
(11841, 132, 51, 6, 0),
(11842, 132, 52, 6, 0),
(11843, 132, 53, 6, 0),
(11844, 132, 54, 6, 0),
(11845, 132, 55, 6, 0),
(11846, 132, 56, 6, 0),
(11847, 132, 57, 6, 0),
(11848, 132, 58, 6, 0),
(11849, 132, 59, 6, 0),
(11850, 132, 60, 1, 1),
(11851, 132, 61, 1, 2),
(11852, 132, 62, 6, 0),
(11853, 132, 63, 6, 0),
(11854, 132, 64, 3, 2),
(11855, 132, 65, 6, 0),
(11856, 132, 66, 3, 2),
(11857, 132, 67, 6, 0),
(11858, 132, 68, 6, 0),
(11859, 132, 69, 6, 0),
(11860, 132, 70, 6, 0),
(11861, 132, 71, 6, 0),
(11862, 132, 72, 3, 2),
(11863, 132, 73, 6, 0),
(11864, 132, 74, 6, 0),
(11865, 132, 75, 6, 0),
(11866, 132, 76, 6, 0),
(11867, 132, 77, 1, 2),
(11868, 132, 78, 6, 0),
(11869, 132, 79, 1, 2),
(11870, 132, 80, 6, 0),
(11871, 132, 81, 6, 0),
(11872, 132, 82, 6, 0),
(11873, 132, 83, 6, 0),
(11874, 132, 84, 6, 0),
(11875, 132, 85, 6, 0),
(11876, 132, 86, 6, 0),
(11877, 132, 87, 1, 1),
(11878, 132, 88, 6, 0),
(11879, 132, 89, 2, 2),
(11880, 132, 90, 6, 0),
(11881, 133, 1, 6, 0),
(11882, 133, 2, 3, 2),
(11883, 133, 3, 3, 1),
(11884, 133, 4, 6, 0),
(11885, 133, 5, 3, 2),
(11886, 133, 6, 6, 0),
(11887, 133, 7, 6, 0),
(11888, 133, 8, 6, 0),
(11889, 133, 9, 6, 0),
(11890, 133, 10, 6, 0),
(11891, 133, 11, 3, 2),
(11892, 133, 12, 1, 2),
(11893, 133, 13, 6, 0),
(11894, 133, 14, 6, 0),
(11895, 133, 15, 6, 0),
(11896, 133, 16, 6, 0),
(11897, 133, 17, 3, 2),
(11898, 133, 18, 6, 0),
(11899, 133, 19, 3, 2),
(11900, 133, 20, 6, 0),
(11901, 133, 21, 6, 0),
(11902, 133, 22, 6, 0),
(11903, 133, 23, 6, 0),
(11904, 133, 24, 3, 1),
(11905, 133, 25, 6, 0),
(11906, 133, 26, 6, 0),
(11907, 133, 27, 3, 1),
(11908, 133, 28, 6, 0),
(11909, 133, 29, 2, 1),
(11910, 133, 30, 1, 1),
(11911, 133, 31, 1, 2),
(11912, 133, 32, 6, 0),
(11913, 133, 33, 6, 0),
(11914, 133, 34, 6, 0),
(11915, 133, 35, 6, 0),
(11916, 133, 36, 3, 1),
(11917, 133, 37, 6, 0),
(11918, 133, 38, 6, 0),
(11919, 133, 39, 6, 0),
(11920, 133, 40, 4, 1),
(11921, 133, 41, 6, 0),
(11922, 133, 42, 6, 0),
(11923, 133, 43, 4, 2),
(11924, 133, 44, 6, 0),
(11925, 133, 45, 6, 0),
(11926, 133, 46, 6, 0),
(11927, 133, 47, 5, 2),
(11928, 133, 48, 6, 0),
(11929, 133, 49, 5, 2),
(11930, 133, 50, 5, 2),
(11931, 133, 51, 6, 0),
(11932, 133, 52, 6, 0),
(11933, 133, 53, 3, 1),
(11934, 133, 54, 6, 0),
(11935, 133, 55, 6, 0),
(11936, 133, 56, 6, 0),
(11937, 133, 57, 3, 1),
(11938, 133, 58, 5, 1),
(11939, 133, 59, 6, 0),
(11940, 133, 60, 6, 0),
(11941, 133, 61, 1, 2),
(11942, 133, 62, 2, 1),
(11943, 133, 63, 6, 0),
(11944, 133, 64, 6, 0),
(11945, 133, 65, 6, 0),
(11946, 133, 66, 3, 2),
(11947, 133, 67, 6, 0),
(11948, 133, 68, 1, 2),
(11949, 133, 69, 6, 0),
(11950, 133, 70, 6, 0),
(11951, 133, 71, 1, 2),
(11952, 133, 72, 3, 1),
(11953, 133, 73, 2, 1),
(11954, 133, 74, 6, 0),
(11955, 133, 75, 6, 0),
(11956, 133, 76, 6, 0),
(11957, 133, 77, 6, 0),
(11958, 133, 78, 6, 0),
(11959, 133, 79, 3, 2),
(11960, 133, 80, 5, 1),
(11961, 133, 81, 6, 0),
(11962, 133, 82, 6, 0),
(11963, 133, 83, 6, 0),
(11964, 133, 84, 6, 0),
(11965, 133, 85, 6, 0),
(11966, 133, 86, 6, 0),
(11967, 133, 87, 6, 0),
(11968, 133, 88, 4, 2),
(11969, 133, 89, 6, 0),
(11970, 133, 90, 6, 0),
(11971, 134, 1, 6, 0),
(11972, 134, 2, 5, 2),
(11973, 134, 3, 6, 0),
(11974, 134, 4, 6, 0),
(11975, 134, 5, 6, 0),
(11976, 134, 6, 2, 2),
(11977, 134, 7, 6, 0),
(11978, 134, 8, 6, 0),
(11979, 134, 9, 6, 0),
(11980, 134, 10, 6, 0),
(11981, 134, 11, 5, 1),
(11982, 134, 12, 6, 0),
(11983, 134, 13, 6, 0),
(11984, 134, 14, 6, 0),
(11985, 134, 15, 6, 0),
(11986, 134, 16, 1, 1),
(11987, 134, 17, 2, 1),
(11988, 134, 18, 6, 0),
(11989, 134, 19, 6, 0),
(11990, 134, 20, 1, 2),
(11991, 134, 21, 6, 0),
(11992, 134, 22, 6, 0),
(11993, 134, 23, 6, 0),
(11994, 134, 24, 6, 0),
(11995, 134, 25, 6, 0),
(11996, 134, 26, 4, 1),
(11997, 134, 27, 6, 0),
(11998, 134, 28, 6, 0),
(11999, 134, 29, 3, 2),
(12000, 134, 30, 6, 0),
(12001, 134, 31, 4, 1),
(12002, 134, 32, 6, 0),
(12003, 134, 33, 6, 0),
(12004, 134, 34, 6, 0),
(12005, 134, 35, 6, 0),
(12006, 134, 36, 6, 0),
(12007, 134, 37, 6, 0),
(12008, 134, 38, 6, 0),
(12009, 134, 39, 1, 2),
(12010, 134, 40, 6, 0),
(12011, 134, 41, 6, 0),
(12012, 134, 42, 6, 0),
(12013, 134, 43, 4, 1),
(12014, 134, 44, 6, 0),
(12015, 134, 45, 6, 0),
(12016, 134, 46, 6, 0),
(12017, 134, 47, 5, 1),
(12018, 134, 48, 5, 1),
(12019, 134, 49, 6, 0),
(12020, 134, 50, 1, 1),
(12021, 134, 51, 6, 0),
(12022, 134, 52, 6, 0),
(12023, 134, 53, 6, 0),
(12024, 134, 54, 3, 1),
(12025, 134, 55, 6, 0),
(12026, 134, 56, 6, 0),
(12027, 134, 57, 4, 1),
(12028, 134, 58, 6, 0),
(12029, 134, 59, 6, 0),
(12030, 134, 60, 4, 2),
(12031, 134, 61, 6, 0),
(12032, 134, 62, 6, 0),
(12033, 134, 63, 6, 0),
(12034, 134, 64, 1, 1),
(12035, 134, 65, 5, 1),
(12036, 134, 66, 6, 0),
(12037, 134, 67, 6, 0),
(12038, 134, 68, 5, 2),
(12039, 134, 69, 5, 2),
(12040, 134, 70, 6, 0),
(12041, 134, 71, 1, 1),
(12042, 134, 72, 6, 0),
(12043, 134, 73, 3, 2),
(12044, 134, 74, 4, 2),
(12045, 134, 75, 6, 0),
(12046, 134, 76, 4, 1),
(12047, 134, 77, 5, 2),
(12048, 134, 78, 6, 0),
(12049, 134, 79, 6, 0),
(12050, 134, 80, 6, 0),
(12051, 134, 81, 6, 0),
(12052, 134, 82, 3, 1),
(12053, 134, 83, 6, 0),
(12054, 134, 84, 5, 1),
(12055, 134, 85, 1, 1),
(12056, 134, 86, 5, 2),
(12057, 134, 87, 1, 2),
(12058, 134, 88, 6, 0),
(12059, 134, 89, 6, 0),
(12060, 134, 90, 6, 0),
(12061, 135, 1, 6, 0),
(12062, 135, 2, 6, 0),
(12063, 135, 3, 5, 2),
(12064, 135, 4, 6, 0),
(12065, 135, 5, 6, 0),
(12066, 135, 6, 6, 0),
(12067, 135, 7, 6, 0),
(12068, 135, 8, 6, 0),
(12069, 135, 9, 5, 1),
(12070, 135, 10, 6, 0),
(12071, 135, 11, 6, 0),
(12072, 135, 12, 6, 0),
(12073, 135, 13, 6, 0),
(12074, 135, 14, 6, 0),
(12075, 135, 15, 1, 1),
(12076, 135, 16, 4, 2),
(12077, 135, 17, 5, 1),
(12078, 135, 18, 6, 0),
(12079, 135, 19, 6, 0),
(12080, 135, 20, 6, 0),
(12081, 135, 21, 6, 0),
(12082, 135, 22, 6, 0),
(12083, 135, 23, 6, 0),
(12084, 135, 24, 3, 1),
(12085, 135, 25, 1, 2),
(12086, 135, 26, 6, 0),
(12087, 135, 27, 6, 0),
(12088, 135, 28, 4, 2),
(12089, 135, 29, 3, 2),
(12090, 135, 30, 5, 1),
(12091, 135, 31, 6, 0),
(12092, 135, 32, 6, 0),
(12093, 135, 33, 6, 0),
(12094, 135, 34, 6, 0),
(12095, 135, 35, 5, 1),
(12096, 135, 36, 5, 1),
(12097, 135, 37, 3, 1),
(12098, 135, 38, 4, 2),
(12099, 135, 39, 4, 1),
(12100, 135, 40, 6, 0),
(12101, 135, 41, 6, 0),
(12102, 135, 42, 6, 0),
(12103, 135, 43, 6, 0),
(12104, 135, 44, 6, 0),
(12105, 135, 45, 6, 0),
(12106, 135, 46, 6, 0),
(12107, 135, 47, 2, 1),
(12108, 135, 48, 3, 2),
(12109, 135, 49, 3, 1),
(12110, 135, 50, 3, 1),
(12111, 135, 51, 6, 0),
(12112, 135, 52, 6, 0),
(12113, 135, 53, 4, 2),
(12114, 135, 54, 6, 0),
(12115, 135, 55, 6, 0),
(12116, 135, 56, 6, 0),
(12117, 135, 57, 6, 0),
(12118, 135, 58, 2, 1),
(12119, 135, 59, 1, 2),
(12120, 135, 60, 6, 0),
(12121, 135, 61, 3, 2),
(12122, 135, 62, 6, 0),
(12123, 135, 63, 6, 0),
(12124, 135, 64, 6, 0),
(12125, 135, 65, 6, 0),
(12126, 135, 66, 4, 1),
(12127, 135, 67, 6, 0),
(12128, 135, 68, 6, 0),
(12129, 135, 69, 6, 0),
(12130, 135, 70, 5, 1),
(12131, 135, 71, 6, 0),
(12132, 135, 72, 5, 1),
(12133, 135, 73, 6, 0),
(12134, 135, 74, 5, 1),
(12135, 135, 75, 3, 2),
(12136, 135, 76, 4, 1),
(12137, 135, 77, 1, 1),
(12138, 135, 78, 6, 0),
(12139, 135, 79, 3, 1),
(12140, 135, 80, 5, 1),
(12141, 135, 81, 6, 0),
(12142, 135, 82, 6, 0),
(12143, 135, 83, 6, 0),
(12144, 135, 84, 6, 0),
(12145, 135, 85, 1, 2),
(12146, 135, 86, 6, 0),
(12147, 135, 87, 6, 0),
(12148, 135, 88, 5, 2),
(12149, 135, 89, 1, 2),
(12150, 135, 90, 2, 2),
(12151, 136, 1, 6, 0),
(12152, 136, 2, 6, 0),
(12153, 136, 3, 1, 2),
(12154, 136, 4, 1, 1),
(12155, 136, 5, 6, 0),
(12156, 136, 6, 6, 0),
(12157, 136, 7, 6, 0),
(12158, 136, 8, 6, 0),
(12159, 136, 9, 6, 0),
(12160, 136, 10, 6, 0),
(12161, 136, 11, 6, 0),
(12162, 136, 12, 6, 0),
(12163, 136, 13, 6, 0),
(12164, 136, 14, 6, 0),
(12165, 136, 15, 6, 0),
(12166, 136, 16, 6, 0),
(12167, 136, 17, 1, 2),
(12168, 136, 18, 6, 0),
(12169, 136, 19, 6, 0),
(12170, 136, 20, 6, 0),
(12171, 136, 21, 5, 1),
(12172, 136, 22, 6, 0),
(12173, 136, 23, 6, 0),
(12174, 136, 24, 6, 0),
(12175, 136, 25, 6, 0),
(12176, 136, 26, 6, 0),
(12177, 136, 27, 3, 1),
(12178, 136, 28, 6, 0),
(12179, 136, 29, 6, 0),
(12180, 136, 30, 6, 0),
(12181, 136, 31, 6, 0),
(12182, 136, 32, 6, 0),
(12183, 136, 33, 6, 0),
(12184, 136, 34, 6, 0),
(12185, 136, 35, 1, 2),
(12186, 136, 36, 4, 1),
(12187, 136, 37, 5, 2),
(12188, 136, 38, 3, 2),
(12189, 136, 39, 6, 0),
(12190, 136, 40, 6, 0),
(12191, 136, 41, 6, 0),
(12192, 136, 42, 6, 0),
(12193, 136, 43, 5, 1),
(12194, 136, 44, 5, 1),
(12195, 136, 45, 6, 0),
(12196, 136, 46, 1, 2),
(12197, 136, 47, 1, 1),
(12198, 136, 48, 5, 2),
(12199, 136, 49, 1, 1),
(12200, 136, 50, 6, 0),
(12201, 136, 51, 4, 1),
(12202, 136, 52, 6, 0),
(12203, 136, 53, 6, 0),
(12204, 136, 54, 6, 0),
(12205, 136, 55, 2, 2),
(12206, 136, 56, 6, 0),
(12207, 136, 57, 6, 0),
(12208, 136, 58, 1, 2),
(12209, 136, 59, 3, 1),
(12210, 136, 60, 6, 0),
(12211, 136, 61, 2, 2),
(12212, 136, 62, 6, 0),
(12213, 136, 63, 6, 0),
(12214, 136, 64, 1, 1),
(12215, 136, 65, 6, 0),
(12216, 136, 66, 6, 0),
(12217, 136, 67, 6, 0),
(12218, 136, 68, 6, 0),
(12219, 136, 69, 6, 0),
(12220, 136, 70, 6, 0),
(12221, 136, 71, 6, 0),
(12222, 136, 72, 6, 0),
(12223, 136, 73, 6, 0),
(12224, 136, 74, 6, 0),
(12225, 136, 75, 3, 2),
(12226, 136, 76, 4, 2),
(12227, 136, 77, 3, 2),
(12228, 136, 78, 6, 0),
(12229, 136, 79, 2, 2),
(12230, 136, 80, 3, 1),
(12231, 136, 81, 4, 2),
(12232, 136, 82, 6, 0),
(12233, 136, 83, 6, 0),
(12234, 136, 84, 3, 1),
(12235, 136, 85, 1, 2),
(12236, 136, 86, 4, 1),
(12237, 136, 87, 6, 0),
(12238, 136, 88, 4, 1),
(12239, 136, 89, 6, 0),
(12240, 136, 90, 6, 0),
(12241, 137, 1, 6, 0),
(12242, 137, 2, 6, 0),
(12243, 137, 3, 6, 0),
(12244, 137, 4, 6, 0),
(12245, 137, 5, 6, 0),
(12246, 137, 6, 6, 0),
(12247, 137, 7, 3, 2),
(12248, 137, 8, 1, 2),
(12249, 137, 9, 6, 0),
(12250, 137, 10, 3, 1),
(12251, 137, 11, 6, 0),
(12252, 137, 12, 6, 0),
(12253, 137, 13, 3, 1),
(12254, 137, 14, 2, 1),
(12255, 137, 15, 6, 0),
(12256, 137, 16, 6, 0),
(12257, 137, 17, 5, 2),
(12258, 137, 18, 3, 1),
(12259, 137, 19, 3, 1),
(12260, 137, 20, 6, 0),
(12261, 137, 21, 6, 0),
(12262, 137, 22, 6, 0),
(12263, 137, 23, 6, 0),
(12264, 137, 24, 6, 0),
(12265, 137, 25, 6, 0),
(12266, 137, 26, 4, 2),
(12267, 137, 27, 6, 0),
(12268, 137, 28, 6, 0),
(12269, 137, 29, 6, 0),
(12270, 137, 30, 6, 0),
(12271, 137, 31, 6, 0),
(12272, 137, 32, 4, 2),
(12273, 137, 33, 4, 2),
(12274, 137, 34, 6, 0),
(12275, 137, 35, 6, 0),
(12276, 137, 36, 6, 0),
(12277, 137, 37, 6, 0),
(12278, 137, 38, 6, 0),
(12279, 137, 39, 6, 0),
(12280, 137, 40, 6, 0),
(12281, 137, 41, 3, 1),
(12282, 137, 42, 1, 2),
(12283, 137, 43, 6, 0),
(12284, 137, 44, 6, 0),
(12285, 137, 45, 6, 0),
(12286, 137, 46, 6, 0),
(12287, 137, 47, 2, 1),
(12288, 137, 48, 6, 0),
(12289, 137, 49, 6, 0),
(12290, 137, 50, 5, 2),
(12291, 137, 51, 6, 0),
(12292, 137, 52, 5, 2),
(12293, 137, 53, 6, 0),
(12294, 137, 54, 6, 0),
(12295, 137, 55, 6, 0),
(12296, 137, 56, 1, 1),
(12297, 137, 57, 6, 0),
(12298, 137, 58, 6, 0),
(12299, 137, 59, 5, 1),
(12300, 137, 60, 6, 0),
(12301, 137, 61, 4, 2),
(12302, 137, 62, 6, 0),
(12303, 137, 63, 5, 2),
(12304, 137, 64, 3, 1),
(12305, 137, 65, 6, 0),
(12306, 137, 66, 6, 0),
(12307, 137, 67, 6, 0),
(12308, 137, 68, 6, 0),
(12309, 137, 69, 6, 0),
(12310, 137, 70, 6, 0),
(12311, 137, 71, 2, 1),
(12312, 137, 72, 1, 2),
(12313, 137, 73, 6, 0),
(12314, 137, 74, 6, 0),
(12315, 137, 75, 6, 0),
(12316, 137, 76, 6, 0),
(12317, 137, 77, 6, 0),
(12318, 137, 78, 4, 1),
(12319, 137, 79, 1, 2),
(12320, 137, 80, 6, 0),
(12321, 137, 81, 6, 0),
(12322, 137, 82, 6, 0),
(12323, 137, 83, 3, 2),
(12324, 137, 84, 6, 0),
(12325, 137, 85, 1, 2),
(12326, 137, 86, 6, 0),
(12327, 137, 87, 6, 0),
(12328, 137, 88, 6, 0),
(12329, 137, 89, 1, 1),
(12330, 137, 90, 1, 2);

-- --------------------------------------------------------

--
-- Структура на таблица `teams`
--

CREATE TABLE `teams` (
  `id` int(11) NOT NULL,
  `name` varchar(255) COLLATE utf32_unicode_ci NOT NULL,
  `att` int(100) NOT NULL,
  `mid` int(100) NOT NULL,
  `def` int(100) NOT NULL,
  `gk` int(255) NOT NULL
) ENGINE=InnoDB DEFAULT CHARSET=utf32 COLLATE=utf32_unicode_ci;

--
-- Схема на данните от таблица `teams`
--

INSERT INTO `teams` (`id`, `name`, `att`, `mid`, `def`, `gk`) VALUES
(1, 'Arsenal', 81, 79, 76, 9),
(2, 'Liverpool', 77, 77, 79, 7),
(3, 'Manchester City', 81, 81, 81, 8),
(4, 'Chelsea', 83, 82, 81, 8),
(5, 'Leicester City', 75, 76, 74, 8);

-- --------------------------------------------------------

--
-- Структура на таблица `users`
--

CREATE TABLE `users` (
  `id` int(11) NOT NULL,
  `username_sign` varchar(255) NOT NULL,
  `password_sign` varchar(255) NOT NULL,
  `email` varchar(255) NOT NULL,
  `first_name` varchar(255) NOT NULL,
  `second_name` varchar(255) NOT NULL,
  `team` varchar(255) NOT NULL,
  `avatar` varchar(255) NOT NULL
) ENGINE=InnoDB DEFAULT CHARSET=latin1;

--
-- Схема на данните от таблица `users`
--

INSERT INTO `users` (`id`, `username_sign`, `password_sign`, `email`, `first_name`, `second_name`, `team`, `avatar`) VALUES
(7, 'bager', '8febe631fd4fef5700c2568d9184f5cb', 'bager@bager.bager', 'bager', 'bager', '2', ''),
(8, 'bagerMan', '81dc9bdb52d04dc20036dbd8313ed055', 'toshko_1998@abv.bg', 'Todor', 'Nikolov', 'BagerTown', ''),
(9, '?????????', '25f9e794323b453885f5181f1b624d0b', 'djeioadjjoiawe@abv.bg', 'dheiudhiuaui', '????????EIJWDAIJWH', '3', ''),
(10, '?????????', '25f9e794323b453885f5181f1b624d0b', 'djeioadjjoiawe@abv.bg', 'dheiudhiuaui', '????????EIJWDAIJWH', '3', ''),
(11, 'vaset0', '6267630cae0b3107b2d9e7a5b677049d', 'vaset0_98@abv.bg', 'vaset0', 'vaset0', '0', ''),
(12, 'zdravko', 'c9a43a39d6155531602c670e54b2a93b', 'zdravo98@gmail.com', 'Zdravko', 'Nedelchev', '3', ''),
(13, 'admin', '81dc9bdb52d04dc20036dbd8313ed055', 'vaset0_98@abv.bg', 'admin', 'admin', '0', ''),
(14, 'asen', '7b036b60acfb075358681cb138297e13', 'asen@abv.bg', 'asen', 'asen', '2', ''),
(15, 'zxcasdsa', '81dc9bdb52d04dc20036dbd8313ed055', 'sssss@abbs', 'ssssssss', 'ssssssss', '0', ''),
(16, 'qwertyuiopasdfghjkl', '81dc9bdb52d04dc20036dbd8313ed055', 'sdadas@abv.bg', 'asdasdasd', 'dsadsada', '0', ''),
(17, 'admin1', '81dc9bdb52d04dc20036dbd8313ed055', 'vaset0_98@abv.bg', 'Nasko', 'Admiralov', 'Arsenal', 'http://vehicle.local/media/template_for_the_final_course.jpg'),
(18, '??????????', 'e10adc3949ba59abbe56e057f20f883e', 'kdjkkkaowd@abv.bg', '?????', '??????', 'Arsenal', 'http://vehicle.local/media/manager_32.png'),
(19, 'Damqn', '40a48f4a938862fc0400d5cc34ea5681', 'damqn@abv.bg', 'Damqn', 'Dimitrov', 'Man City', 'http://vehicle.local/media/4.png');

--
-- Indexes for dumped tables
--

--
-- Indexes for table `actions`
--
ALTER TABLE `actions`
  ADD PRIMARY KEY (`id`);

--
-- Indexes for table `matches`
--
ALTER TABLE `matches`
  ADD PRIMARY KEY (`id`);

--
-- Indexes for table `minutes`
--
ALTER TABLE `minutes`
  ADD PRIMARY KEY (`id`);

--
-- Indexes for table `teams`
--
ALTER TABLE `teams`
  ADD PRIMARY KEY (`id`);

--
-- Indexes for table `users`
--
ALTER TABLE `users`
  ADD PRIMARY KEY (`id`);

--
-- AUTO_INCREMENT for dumped tables
--

--
-- AUTO_INCREMENT for table `actions`
--
ALTER TABLE `actions`
  MODIFY `id` int(11) NOT NULL AUTO_INCREMENT, AUTO_INCREMENT=7;
--
-- AUTO_INCREMENT for table `matches`
--
ALTER TABLE `matches`
  MODIFY `id` int(11) NOT NULL AUTO_INCREMENT, AUTO_INCREMENT=138;
--
-- AUTO_INCREMENT for table `minutes`
--
ALTER TABLE `minutes`
  MODIFY `id` int(11) NOT NULL AUTO_INCREMENT, AUTO_INCREMENT=12331;
--
-- AUTO_INCREMENT for table `teams`
--
ALTER TABLE `teams`
  MODIFY `id` int(11) NOT NULL AUTO_INCREMENT, AUTO_INCREMENT=6;
--
-- AUTO_INCREMENT for table `users`
--
ALTER TABLE `users`
  MODIFY `id` int(11) NOT NULL AUTO_INCREMENT, AUTO_INCREMENT=20;
/*!40101 SET CHARACTER_SET_CLIENT=@OLD_CHARACTER_SET_CLIENT */;
/*!40101 SET CHARACTER_SET_RESULTS=@OLD_CHARACTER_SET_RESULTS */;
/*!40101 SET COLLATION_CONNECTION=@OLD_COLLATION_CONNECTION */;
